Title,Publisher,Valuable,Count,IDnum
"1920 Wall Street","Looping Games",false,1,1989
"1942 Uss Yorktown","Looping Games",false,2,3378
"1987 Channel Tunnel","Looping Games",false,2,3379
"3 In 1 Collector Set: Get Bit, Hold Your Breath!, Walk The Plank","Mayday Games",false,1,3115
"3 Laws Of Robotics","Floodgate Games",false,1,3324
"5 Minute Marvel","Spin Master",false,1,3191
"51st State: Master Set","Portal Games",false,1,1724
"5211","Next Move Games",false,1,3290
"6 nimmt!","Mayfair Games",false,1,1291
"7 Wonders","Repos Production",true,2,2873
"7 Wonders Duel","Repos Production",true,4,2830
"A Pleasant Journey To Neko","The Wood Games",true,1,2650
"A War Of Whispers","Starling Games",false,1,3189
"Abandon All Artichokes","Gamewright",true,1,3568
"Abomination: The Heir Of Frankenstein","Plaid Hat Games",false,2,2971
"Action News","Guts And Glory",false,2,3186
"Adrenaline Including Expansions","Cge",false,1,2938
"Adventure Games: The Dungeon","Kosmos",false,2,3039
"Adventure Land","Haba",false,1,3239
"Adventurers: The Pyramid of Horus, the","Fantasy Flight Games",false,1,21
"Aerion","Z-Man Games",false,1,2838
"Aftermath","Plaid Hat Games",false,2,3248
"Age Of Civilization","Ice Makes",false,1,2365
"Agricola","Lookout Games",true,4,2792
"Air Land And Sea","Arcane Wonders",false,1,3125
"Airship City","Analog Lunchbox",false,3,2678
"Alhambra","Queen Games",false,1,2172
"Alien Frontiers","Game Salute",false,1,1547
"All Manor Of Evil","Kolossal Games",false,1,3482
"Alubari: A Nice Cup Of Tea","Studio H",true,2,3148
"Anchors Aweigh!","Z-Man Games",false,1,2472
"Android: Netrunner","Fantasy Flight Games",false,1,1310
"Animouv","Djeco",false,2,3055
"Ankh'or","Space Cowboys",false,2,3036
"Anomaly","Prime",false,2,3147
"Anomia Kids","Everest",false,1,3330
"Antiquity","Splotter",true,1,2149
"Apotheca","Knapsack",false,1,1637
"Apples to Apples","Hasbro",false,1,37
"Appletters","Bananagrams",false,1,40
"Aquarius","Looney Labs",false,1,42
"Aquatica","Cosmo Drone Games",false,3,3408
"Arboretum","Renegade Game Studios",false,1,2398
"Arcadia Quest: Inferno","Cmon",false,1,1726
"Architects Of The West Kingdom","Renegade Game Studios",false,1,2461
"Architectura","Arcane Wonders",false,1,3153
"Archmage","Starling Games",false,1,2327
"Archmage Ascendant","Starling Games",false,1,3141
"Arkham Horror","Fantasy Flight Games",false,3,48
"Arkham Horror: Final Hour","Fantasy Flight Games",false,3,3005
"Arkham Noir","Ludonova",false,2,3026
"Arrial","Mebo",false,1,2693
"Artsee","Renegade Game Studios",false,1,2951
"Atari's Missile Command","Idw Games",false,1,2918
"Atelier","Aeg",false,1,3295
"Atlantis","Mayfair Games",false,1,55
"Atlantis Rising","Elf Creek Games",false,1,3497
"Aura","Breaking Games",false,1,1646
"Ausser Rand & Band","Zoch Zum Spielen",false,2,3459
"Automata NOIR","Level 99 Games",false,1,1844
"Azul","Next Move Games",true,3,2017
"Azul","Next Move Games",true,2,2134
"Azul","Next Move Games",true,2,2311
"Azul Summer Pavilion","Next Move Games",false,3,3442
"Babylonia","Ludonova",true,1,3409
"Bad Bones","Sit! Down!",false,1,2684
"Bad Medicine","Formal Ferret Games",false,1,2507
"Bad Medicine","Formal Ferret Games",false,1,1302
"Bahamas","Matagot",false,1,3267
"Bamboleo","Zoch Zum Spielen",true,1,3002
"Banana Bandits","Capstone Games",false,1,1768
"Bananagrams","Bananagrams",false,2,67
"Bargain Quest","Jonathan Ying",false,1,2089
"Barrage","Cranio Creations",false,2,3543
"Batman: The Animated Series Dice Game","Cryptozoic",false,1,3501
"Batman: The Animated Series Dice Game","Steve Jackson Games",false,1,1498
"Battle Con: Connection Fighting","Level 99 Games",false,1,3562
"Battle For Rokugan","Fantasy Flight Games",false,1,2070
"Battle Of Red Cliffs, the","Sunrise Tornado Game Studio",false,1,2207
"Battle Of The Nations 1813","Clicker Spiele",false,2,3453
"Battle Penguins","Ultrapro Entertainment",false,1,2807
"Battle Sheep","Blue Orange Games",false,1,3305
"BattleCON - War Of Indines","Level 99 Games",false,1,2931
"Battlelands","Plaid Hat Games",false,2,3024
"Beasty Bar","Zoch",false,1,2368
"Beasty Bar","Zoch",false,1,2383
"Bees: The Secret Kingdom","Awaken Relms Lite",false,2,3222
"Before There Were Stars","Smirk & Laughter Games",false,1,2501
"Beta Colony","Rio Grande Games",false,1,3252
"Betrayal At House On The Hill","Avalon Hill",true,1,1455
"Between Two Castles Of Mad King Ludwig","Stonemaier Games",false,1,2449
"Biblios","Iello",false,1,2113
"Big Book Of Madness, the","Iello",false,1,3401
"Bigfoot Vs. Yeti","Shoot Again Games",false,1,3399
"Bios: Origins","Ion Game Design",true,1,3385
"Bites","Board Game Tables",false,4,3533
"Black Angel","Pearl Games",false,3,2976
"Black Hat","Dragon Dawn Productions",false,1,1863
"Black Orchestra","Game Salute",false,1,2140
"Black Skull Island","Strawberry Studio",false,2,2459
"Blackout: Hong Kong","Eggertspiele",false,2,2692
"Blitzkrieg","Psc Games",false,1,3358
"Blood Of An Englishman, the","Anomia Press",false,3,3494
"Blood Rage","Cmon",false,1,1397
"Bloodborne: The Card Game","Cmon",false,1,1818
"Bloom","Gamewright",false,2,2913
"Bloom In Blizard","Akihiroitoo",false,1,3275
"Board Game Cafe Frenzy","Citie Lo",true,1,3388
"Boggle","Hasbro",false,1,100
"Bohnanza","Rio Grande Games",true,1,101
"Borderlands Tiny Tina's Robot Tea Party","Xyz Game Labs",false,2,2905
"Bosk","Floodgate Games",false,1,3407
"Boss Monster: The Dungeon Building Card Game","Brotherwise Games",false,1,1141
"Bottom of The 9th","Dice Hate Me Games",false,1,1407
"Braintopia","Asmodee",false,1,3054
"Brick Party","Post Scriptum",false,1,1600
"Brikks","Schmidt Spiel",false,1,2686
"Broadhorns","Rio Grande Games",false,1,3279
"Broom Service: The Card Game","Ravensburger",false,1,1473
"Bruxelles 1897","Geek Attitude Games",false,2,3449
"Buffalo","Tiltfactor",false,1,2892
"Buffy The Vampire Slayer","Jasco",false,1,3362
"Bugs In The Kitchen","Ravensburger",false,1,2217
"Bullfrogs","Renegade Game Studios",false,1,1649
"Burgle Bros.","Fowers Games",false,1,2096
"Burgle Bros.","Flowers Games",false,1,2820
"Bus","Splotter",true,1,3441
"Butababel","Yuo",false,1,3281
"Butterfly","Rio Grande Games",false,1,3096
"Byzanz","Renegade Game Studios",false,1,2116
"Cactys","Jordan Draper Games",false,1,3544
"Cadwallon: City of Thieves","Fantasy Flight Games",false,1,112
"Cahoots","Mayday Games",false,1,3119
"Calimala","Slackfire",false,1,2021
"Call Of Cthulhu: The Card Game","Fantasy Flight Games",false,1,3131
"Call To Adventure","Brotherwise Games",false,1,3361
"Can't Catch Harry","Breaking Games",false,3,3530
"Can't Stop","Eagle-Gryphon Games",false,1,1979
"Cantankerous Cats","Breaking Games",false,1,2781
"Caper","Keymaster Games",false,1,2886
"Captain Is Dead Lockdown, the","Aeg",false,1,2655
"Captain Is Dead, the","Aeg",false,1,2653
"Captain Silver","Queen Games",false,1,1922
"Captain Sonar","Asmodee",false,2,1764
"Capture","Game Salute",false,1,3269
"Car Wars: The Card Game","Steve Jackson Games",false,1,1489
"Caravan","Rio Grande Games",false,1,3303
"Carcassonne","Z-Man Games",true,1,1840
"Carcassonne","Z-Man Games",true,3,1958
"Carcassonne","Z-Man Games",true,8,2793
"Carcassonne: Safari","Z-Man Games",false,1,2306
"Carcassonne: The Discovery","Rio Grande Games",false,1,128
"Cardline: Globetrotter","Asmodee",false,1,1163
"Cargo Express","Compass Games",false,1,2947
"Carnival Of Monsters","Amigo",false,1,3293
"Carpe Diem","Alea",false,1,2691
"Carrossel","Mebo",false,3,3443
"Carthago: Merchants & Guilds","Capstone Games",false,1,2240
"Cartographers","Thunderworks Games",false,3,2998
"Cartoon Network Crossover Crisis","Cryptozoic",false,1,2618
"Cartoon Network Crossover Crisis","Cryptozoic",false,1,2611
"Cartooner","Japanime Games",false,1,2561
"Castaways","Passport Game Studios",false,1,137
"Castell","Renegade Game Studios",false,1,2114
"Castellan","Steve Jackson Games",false,2,1151
"Castello Methoni","Mandoo Games",false,2,3404
"Castle For All Seasons, A","Rio Grande Games",false,1,8
"Castle Rampage","Pegasus Spiele",false,2,2502
"Castles Of Burgundy, the","Ravensburger",true,6,1461
"Castles Of Caladale","Renegade Game Studios",false,2,3232
"Castles Of Mad King Ludwig","Bezier Games",false,1,2481
"Cat Cafe","Mandoo Games",false,3,3445
"Cat Lady","Aeg",true,6,2751
"Cat Rescue","Sunrise Tornado Game Studio",false,1,2673
"Catacombs & Castles","Elzra",false,1,2370
"Catan","Catan Studio",true,1,3480
"Catan","Asmodee",true,4,1389
"Catan Histories: Settlers Of America Trails To Rails","Klaus Teuberttl02230i",false,1,3254
"Catan: Junior","Asmodee",false,1,1776
"Catch The Moon","Bombyx",false,1,2346
"Caveman Curling","Eagle-Gryphon Games",false,1,146
"Caverna: The Cave Farmers","Mayfair Games",true,1,1181
"Caylus 1303","Space Cowboys",false,3,3411
"Celestia","Quick Simple Fun Games",false,1,1895
"Century: Golem Edition","Plan B Games",false,1,2132
"Ceylon","Ludonova",true,2,2683
"Chakra","Blam!",false,1,3067
"Chameleon, the","Big Potato Games",false,1,1915
"Champions Of Midgard","Grey Fox Games",false,2,1703
"Cheer Up!","Cheer Up Games",false,1,3487
"Cheese Quest","White Toe Games",false,2,3343
"Chess Plus","Chess Plus",false,1,3018
"Chicago Poker","Phalanx Games",false,1,162
"Chimera & More","Eagle-Gryphon Games",false,1,3143
"Chocolate Factory","Alley Cat Games",false,1,3398
"Choose Your Own Adventure: House Of Danger","Z-Man Games",false,1,2377
"Chop! Chop!","Djeco",false,2,3020
"Chopstick Dexterity Megachallenge 3000","Mayday Games",false,1,3258
"Churrascaria","Absurdist Productions",false,1,2801
"Cine Write And Trade","Tematis",false,1,3457
"Circular Reasoning: The Well Of Power","Breaking Games",false,1,2101
"Cities: Skylines","Kosmos",false,3,3406
"City Of Remnants","Plaid Hat Gamesttl1000z",false,1,3132
"City Of The Build Shoulders (with Burden Of Destiny)","Parallel",false,2,2982
"CIV: Carta Impera Victoria","Ludonaute",false,1,2112
"Clack!","Amigo Games",true,1,3041
"Clank! A Deck-building Adventure (includes Acquisitions Inc. Expansion)","Renegade Game Studios",true,2,2880
"Clank!: A Deck-Building Adventure","Renegade Game Studios",true,1,1962
"Clans of Caledonia","Karma Games",true,1,2041
"Climbers, the","Simply Complex",true,6,3367
"Climbers, the","Capstone Games",true,2,1716
"Clip Cut Parks","Renegade Game Studios",false,7,3470
"Cloudspire","Chip Theory Games",false,1,3207
"Clue Game Of Thrones","Usaopoly",false,1,3174
"Codenames","Cge",true,2,1586
"Codenames","Cge",true,3,1317
"Codenames","Czech Games",true,1,2939
"Codenames: Marvel","Usaopoly",false,1,1897
"Cogs And Commissars","Atlas Games",false,2,2305
"Coimbra","Eggertspiele",true,1,2482
"Collector, the","Avalon Hill",false,1,2725
"Collectors And Capers","Blue Heron",false,1,2963
"Coloma","Final Frontier Games",true,3,3427
"Colony","Bezier Games",false,1,2483
"Coloretto","Rio Grande Games",false,1,182
"Colorful","Jordan Draper Games",false,1,3546
"Colors Of Paris","Super Meeple",false,2,3421
"Colt Express","Asmodee",false,1,1557
"Colt Express","Asmodee",false,1,1263
"Concept","Asmodee",false,1,1669
"Concept Kids: Animals","Repos Production",false,3,2338
"Concordia","Rio Grande Games",false,1,3312
"Condottiere","Z-Man Games",false,1,2477
"Confusion: Espionage and Deception in the Cold War","Stronghold Games",true,1,186
"Contender: The Game Of Presidential Debate, the","Guts And Glory",false,2,2811
"Convert","Breaking Games",false,2,1434
"Cooper Island","Capstone Games",false,2,3455
"Copenhagen","Queen",false,1,3065
"Coralia","Huch!",false,1,3074
"Corinth","Days Of Wonder",false,1,3043
"Cottage Garden","Stronghold Games",false,1,1730
"Counterfeiters","Quined Games",false,1,2774
"Coup","Indie Boards & Cards",true,1,197
"Courier","Hoot Games",true,1,2797
"Cover Me","Jumping Turtle Games",true,1,2014
"Covert","Renegade Game Studios",false,1,1667
"Cowboy Bebop: Boardgame Boogie","Jasco",false,1,3370
"Crap Or Slap! What Would You Do?","Twilight Creations",false,1,2925
"Critical Mass: Raijin Vs. Archon","Arcane Wonders",false,1,2532
"Crosstalk","Nauvoo Games",false,1,2565
"Crown De Fleur","Centennial Games",false,1,2799
"Crown Of Emara","Pegasus Spiele",true,2,2491
"Crumbs","Tidbit Games",false,1,2909
"Crusoe Crew, the","Gna",false,2,3223
"Cryptid","Osprey Games",false,1,2430
"Crystal Clans","Plaid Hat Games",false,1,2124
"Crystal Palace","Capstone Games",false,2,3452
"Crystallo","Zafty Games",false,3,3557
"Cubissimo","Djeco",false,2,3021
"Cuisine a la Card","Inmotion",false,2,1347
"Cult Following","Win Go",false,1,3540
"Curios","Aeg",false,1,2996
"Curli Kuller","Pegasus Spiele",false,1,2498
"Cursed Court","Atlas Games",false,1,1739
"Custom Heroes","Aeg",false,1,1869
"Cutthroat Caverns","Smirk & Dagger Games",false,1,205
"Cv","Granna",false,1,3572
"Cv","Passport Game Studios",false,1,1886
"Dadaocheng","Soso Games",false,1,3416
"Dadaocheng","Soso Games",false,1,3415
"Danger: The Game","Origami Whale",false,1,3498
"Danger: The Game","Origami Whale",false,2,3355
"Daring & The Doom, the","Runehammer Games",false,1,1445
"Daring Contest","Unstable Games",false,1,2904
"Dark Moon","Stronghold Games",false,1,1807
"Darkest Night","Victory Point Games",false,1,2994
"Darkness","Green Meadown Games",false,2,2894
"Dead Fellas","Ninja Division",false,1,1198
"Dead Last","Smirk & Dagger Games",false,1,1926
"Dead of Winter: A Crossroads Game","Plaid Hat Games",false,1,1558
"Death Wish","Zafty Games",false,1,1805
"Deception: Murder In Hong Kong","Grey Fox Games",false,5,2062
"Deep Blue","Days Of Wonder",false,2,2991
"Deep Sea Adventure","Oink Games",true,2,2425
"Deluxe Pit","Winning Moves Games",false,1,3045
"Descent: Journeys in the Dark (Second Edition)","Fantasy Flight Games",false,1,1833
"Destination X","Aporta Games",false,1,2955
"Detective Club","Blue Orange Games",false,2,3060
"Diamonds","Stronghold Games",false,1,1685
"Dice Miner","Atlas Games",false,1,3586
"Dice Settlers","Nskn Games",false,2,2529
"Dice Throne: Season One","Roxley Games",false,1,2209
"Dice Throne: Season One","Roxley Games",false,1,1847
"Dice Throne: Season Two","Roxley Games",false,2,2588
"Dice Throne: Season Two (gunslinger V Samurai)","Roxley Games",false,1,2965
"Die Crew","Kosmos",true,2,3434
"Die Inseln Im Nebel","Schmidt Spiele",true,1,3429
"Die Macher","Spielworxx",true,2,3419
"Dig Dog Dig","Flying Meeple",false,1,3567
"Dino Dude Ranch","Letiman Games",false,1,3078
"Dino Party","Ankama",false,1,2189
"Dinosaur Island","Pandasaurus",false,1,2111
"Diplomacy","Avalon Hill",true,1,220
"Discount Salmon","Water Bear Games",false,2,1394
"Discover: Lands Unknown","Fantasy Flight Games",false,2,2440
"Discoveries: The Journals Of Lewis & Clark","Ludonaute",false,1,3266
"Discworld: Ankh-Morpork","Mayfair Games",true,1,1030
"Disney: Villainous","Usaopoly",true,1,2213
"Divinity Derby","Ares Games",false,1,1929
"Dixit","Libellud",false,1,2988
"Dixit","Asmodee",false,2,222
"Doctor Who: Time Of The Daleks","Gale Force Nine",false,1,2178
"Dojo Kun","Yemaia",false,1,1691
"Dominion","Rio Grande Games",true,6,228
"Dominion And Expansions","Rio Grande Games",false,1,3484
"Doodle Quest","Blue Orange Games",false,1,1786
"Doodle Rush","Brain Games",false,2,3227
"Doom That Came To Atlantic City, the","Cryptozoic",false,1,3485
"Double Feature","Renegade Game Studios",false,2,1272
"Downforce","Restoration Games",false,1,1956
"Downforce","Restoration Games",false,1,1793
"Dr. Beaker","Blue Orange Games",true,1,1822
"Dr. Microbe","Blue Orange Games",true,1,1821
"Dragon & Flagon, the","Stronghold Games",false,1,1743
"Dragon Ball Z Power Up! Board Game","Usaopoly",false,1,2366
"Dragon Castle","Cmon",false,1,2318
"Dragon Pets","Japanime Games",false,1,2558
"Dragon Punch","Level 99 Games",false,1,3566
"Dragon Whisperer","Albino Dragon",false,1,2493
"Dragon's Breath","Haba",true,1,3242
"Dragon's Gold","Pandasaurus",false,1,1249
"Dragonfire","Catalyst Game Labs",false,1,1889
"Dragonscales","Arcane Wonders",false,1,3123
"Dragonsgate College","Nskn Games",true,1,1999
"Dragonwood","Gamewright",false,1,2221
"Dragoon","Lay Waste Games",true,1,1480
"Dread Curse","Smirk & Dagger Games",false,1,1101
"Dream Home","Asmodee",true,1,1554
"Dream On!","Cmon",false,1,2487
"Dreams Of Tomorrow","Weird Giraffe Games",false,1,3188
"Drinking Quest: Liquor Before Honor","Jason Anarchy Games",false,1,2885
"Drop It","Kosmos",true,5,2130
"Dune","Gale Force Nine",false,6,3121
"Dungeon Drop","Phase Shift",false,1,3587
"Dungeon Drop","Gamewright",false,1,3517
"Dungeons & Dragons: Castle Ravenloft","Wizards Of The Coast",false,1,3582
"Duple","Anomia Press",false,1,3493
"Ecos","Aeg",false,5,3073
"Edge Of Darkness","Aeg",false,1,3083
"Eight-Minute Empire: Legends","Red Raven Games",false,1,1316
"Elder Sign","Fantasy Flight Games",true,1,274
"Eldritch Horror","Fantasy Flight Games",false,1,1086
"Electropolis","Homosapiens Lab",false,3,3458
"Element","Rather Dashing",false,2,1714
"Eleminis","Flying Meeple",false,2,2206
"End Of The Trail","Elf Creek Games",false,1,3496
"Engine Engine #9","Amigo",false,1,3311
"Entropy","Rule & Make",false,2,1884
"Enuk","Queen Kids",false,1,2586
"Epic Card Game","White Wizard Games Llc",false,2,1270
"Epoch","Rio Grande Games",false,1,3271
"Equinox","Admagic Games",false,1,3111
"Era Of Tribes","Black Beacon Games",false,2,3462
"Era Of Voyage- Discovery, the","Emperors4",false,1,2771
"Eruption","Stratus Games",false,1,286
"Escape Tales: Low Memory","Board & Dice",false,1,3085
"Escape Tales: The Awakening","Board & Dice",false,1,3088
"Eschaton","Archon Games",true,2,1740
"Eschaton + Expansion","Archon Games",false,1,2822
"Estates, the","Simply Complex",false,1,2759
"Ethnos","Spaghetti Western Games",false,2,1759
"Euphoria: Build a Better Dystopia","Stonemaier Games",false,1,1457
"Europa Base Alpha","Wizkids",false,1,3356
"Everdell","Starling Games",false,3,2253
"Evil Intent","Kraken Games",false,1,1509
"Evo","Philippe Key Aerts",false,1,3256
"Evolution","North Star Games",true,2,1524
"Evolution: The Beginning","North Star Games",false,1,1598
"Ex Libris","Renegade Game Studios",false,2,2029
"Exiled Legends","Unstable Games",false,1,2898
"Exodus: Paris Nouvea","Indie Boards & Cards",false,1,2413
"Exoplanets","Greater Than Games",false,1,1677
"Expancity","Breaking Games",false,3,2246
"Expedition To Newdale","Lookout Games",false,2,3377
"Expedition Zetta Charting The Universe","Ion Game Design",false,1,2672
"Exploding Kittens","Admagic Games",true,1,3101
"Exploding Kittens: Nsfw Edition","Exploding Kittens",false,1,3466
"Explorers Of The North Sea","Renegade Game Studios",false,1,2119
"Extraordinary Adventures: Pirates!","Forbidden Games",false,2,3217
"Eye My Favorite Things","Surume Days",true,1,2663
"Eye See Game","Amigo",false,1,3250
"Fae","Z-Man Games",false,1,2151
"Fae","Z-Man Games",false,1,2786
"Fafnir","Oink Games",true,3,3431
"Fairy Mischief","Fun",false,1,3168
"Fairy Tale","Z-Man Games",false,1,1774
"Fairy Tile","Iello",false,1,2553
"Fake Artist Goes To New York, A","Oink Games",false,2,2429
"Fallout","Fantasy Flight Games",false,1,2042
"Fallout Shelter: The Board Game","Fantasy Flight Games",false,2,3515
"Family Plot","White Cherry",false,1,1626
"Fantastic Beasts: Perilous Pursuit","Usaopoly",false,1,3518
"Fantastic Beasts: Perilous Pursuit","Usaopoly",false,1,2344
"Fantastic Factories","Metafactory Games",false,3,3280
"Fantasy Realms","Wizkids",false,1,3341
"Farlight","Game Salute",false,2,3007
"Farm Rescue","Brain Games",false,2,3233
"Fast Forward: Fear","Stronghold Games",false,1,2866
"Fast Forward: Flee","Stronghold Games",false,1,2868
"Fast Sloths","Stronghold Games",true,1,3447
"Fate of The Elder Gods","Greater Than Games",false,1,1676
"Favelas","Wizkids",false,1,2044
"Fealty","Asmadi Games",false,1,298
"Feast for Odin, A","Z-Man Games",false,1,1811
"Fire In The Library","Tony Miller And John Prather",false,1,2547
"Fire Tower","Runaway Parade Games",false,6,3506
"Fireball Island: The Curse Of Vul-kar","Restoration Games",true,2,2766
"Firefly Adventures: Brigands And Browncoats","Gale Force Nine",false,1,2176
"Firefly: The Game","Gale Force Nine",false,1,2177
"Firenze","Pegasus Spiele",false,1,1585
"Fireworks","Renegade Game Studios",false,1,2462
"Five Seals Of Magic","Igrology",false,1,3220
"Five Tribes The Djinns Of Naqala","Days Of Wonder",false,1,2787
"Flamme Rouge","Stronghold Games",true,1,1954
"Flamme Rouge","Stronghold Games",true,1,1969
"Flash Point: Fire Rescue","Indie Boards & Cards",false,1,305
"Flatline","Renegade Game Studios",false,1,1640
"Flick Fleck","Zoch",false,1,2372
"Flick Wars","Breaking Games",false,1,3529
"Flip Over Frog","Gotta2",false,3,2405
"Flip Over Frog","Hub Games",false,5,3049
"Flip Ships","Renegade Game Studios",false,2,1941
"Flotilla","Wizkids",false,2,3384
"Flotsam Fight","Oink Games",false,1,2255
"Flow Of History, the","Tasty Minstrel Games",false,1,2238
"Fluff","Bananagrams",false,1,2516
"Fluxx","Looney Labs",false,1,307
"Fog Of Love","Hush Hush Projects",false,3,3364
"Folklore The Affliction","Greenbrier Games",false,1,2319
"Foodies","Cmon",false,1,2968
"Fool's Gold","Passport Game Studios",false,1,1477
"Fool's Gold","Rock Paper Scissors Games",false,1,3172
"For Sale","Eagle-Gryphon Games",true,1,1948
"For Sale","Gryphon Games",true,1,3140
"For The Crown","Victory Point Games",false,1,2999
"Forbidden Desert","Gamewright",false,1,1098
"Forbidden Island","Gamewright",false,1,311
"Forbidden Sky","Gamewright",false,1,2946
"Forbidden Sky","Gamewright",false,2,2256
"Forever Young","Twilight Creations",false,1,3573
"Forgotten Water","Plaid Hat Games",false,1,3535
"Forgotten Waters","Plaid Hat Games",false,2,3536
"Formosa Tea","Tmg",true,1,3391
"Formula D","Asmodee",false,1,312
"Forum Trajanum","Stronghold Games",true,1,2680
"Founders Of Gloomhaven","Cephalofair Games",false,1,2257
"Four","Golden Bell Games",false,2,3511
"Fox In The Forest Duet, the","Renegade Game Studios",false,1,3521
"Fox's Party","Zoch",false,1,2399
"Franchise","Queen Games",false,1,2585
"Freedom: The Underground Railroad","Academy Games",true,1,1947
"Frenemy Pastry Party","Mizo Games",false,1,3436
"Fresco","Queen Games",false,1,1910
"Fry Thief","Laid Back Games",false,1,3478
"Fugitive","Fowers Games",false,1,1525
"Fuji","Feuerland",false,1,2794
"Fuji Flush","Stronghold Games",false,2,1951
"Fuji Koro","Game Brewer",false,2,3454
"Funky Chicken Card Game","Happy Planet",false,1,2819
"Fury of Dracula","Fantasy Flight Games",true,1,1318
"Fuse","Renegade Game Studios",false,10,1641
"Futuropia","Stronghold Games",true,1,2668
"Gaia Project","Z-Man Games",true,1,2047
"Galactic Scoundrels","Mercury Games'",false,1,3467
"Galaxy Trucker","Cge",true,1,324
"Game of 49, the","Breaking Games",false,1,1435
"Game Of Phones","Breaking Games",false,4,2877
"Game Of Thrones Catan, A","Fantasy Flight Games",false,1,2061
"Game Of Thrones Catan, A","Fantasy Flight Games",false,1,2307
"Game Of Thrones Oathbreaker","Direwolf",false,1,2948
"Game Of Trains","Brain Games",false,2,3400
"Garbage Day","Mayday Games",false,1,3124
"Gateway: Uprising","Cmon",false,1,1728
"Gem Rush","Victory Point Games",false,1,3097
"Get Bit!","Mayday Games",false,1,3187
"Get Lucky","Cheapass Games",false,1,2418
"Get Off My Land!","First Fish Games",false,1,2518
"Get Packing","Asmodee",false,2,3058
"Get The Macguffin","Looney Labs",false,1,2351
"Getaway Driver","Uproarious Games",false,1,2902
"Ghosts Of The Moor","Tasty Minstrel Games",false,2,2679
"Gimme Gimme Guinea Pigs","Flying Meeple",false,2,3046
"Gingerbread House","Lookout Games",false,1,2703
"Giro Galoppo","Rio Grande Games",true,1,3075
"Give Me The Brain!","Cheapass Games",false,1,2375
"Gladius","Cat Quartet Games",false,1,3585
"Glen More Chronicles","Funtails",false,3,3450
"Gloom in Space","Atlas Games",false,1,1521
"Gloomy Graves","Renegade Game Studios",true,1,3520
"Glux","Queen Games",false,1,1705
"Go Cuckoo!","Haba",false,1,1545
"Go Go Gelato!","Blue Orange Games",true,1,1784
"Goat 'n' goat","Okazu Brand",true,2,3413
"Gobbit","Oldchap Games",false,3,3537
"Gobblet Gobblers","Blue Orange Games",false,1,1808
"God Of War: The Card Game","Cmon",false,2,2984
"Godfather: An Offer You Can't Refuse, the","Idw Games",false,1,3260
"Going Postal","Song Yijie",true,1,3490
"Going Postal","Seitlich Games",true,2,3390
"Good & Bad Ghosts","Kod Kod",false,3,3552
"Good Critters","Arcane Wonders",false,1,2525
"Good Dog, Bad Zombie","Make Big Things",false,3,2599
"Grande, el","Rio Grande Games",true,1,273
"Gravwell: Escape From The 9th Dimension","Renegade Game Studios",false,1,2870
"Great Western Trail","Eggertspiele",false,1,2474
"Greedy Kingdoms","Aeg",false,2,2603
"Greenland","Sierra Madre Games",false,1,2954
"Grifters","Indie Boards & Cards",false,2,2391
"Grizzled, the","Sweet Games",true,1,1395
"Grizzled: Armistice Edition, the","Cmon",true,1,2390
"Gruff","Studio Woe",false,1,1333
"Guardians","Plaid Hat Games",false,1,2359
"Guardians Chronicles","Iello",false,1,3580
"Gugong","Game Brewer",false,1,2694
"Gunkimono","Renegade Game Studios",false,1,2230
"Hadara","Z-Man Games",true,1,2974
"Hafid's Grand Bazaar","Rather Dashing",false,1,1795
"Hako Onna","Wizkids",false,1,3342
"Hanamikoji","Emperors4",true,1,2451
"Hand Of Fate: Ordeals","Rule & Make",false,1,2435
"Handful of Stars, A","Treefrog Games",false,1,1996
"Hannibal: Rome vs. Carthage","Valley Games",false,1,364
"Happy Salmon","North Star Games",false,1,2570
"Hardback","Fowers Games",false,1,1871
"Harry Potter: Hogwarts Battle","Usaopoly",true,1,1659
"Harvest","Tasty Minstrel Games",false,1,1902
"Hasp","Agie",false,1,3285
"Hatsuden","Itten",false,1,2360
"Hawaii","Z-Man Games",false,1,3161
"Healthy Heart Hospital","Victory Point Games",false,1,2833
"Heap","Privateer Press",false,1,366
"Heaven & Ale","Eggerstpiele",true,1,2031
"Heck","Jason Anarchy Games",false,4,3348
"Heimlich & Co.","Amigo",true,1,3486
"Hellapagos","Gigamic",false,1,1693
"Hello My Name Is Party Game","Gamewright",false,1,3474
"Henchman","Clarion Game Studio",false,1,3321
"Henhouse Havoc","Ankama",false,1,2188
"Herbaceous","Pencil First",false,1,1614
"Herbalism","Emperors4",false,1,2087
"Here Comes The Dog","Itten",true,2,2369
"Hero Realms","White Wizard Games Llc",false,1,1575
"Hex Hex XL","Smirk & Dagger Games",false,1,1927
"Hexix","Hexix Team",false,1,2887
"Hey, That's My Fish!","Fantasy Flight Games",false,1,3047
"Hey, That's My Fish!","Mayfair Games",true,2,382
"Hi Lo Flip","Gamewright",false,1,3513
"Hintegers","Zafty Games",false,1,1981
"Hintegers","Zafty Games",false,1,1804
"Hocus","Hyperbole Games",false,1,1607
"Hokkaido","Renegade Game Studios",false,1,2863
"Holding On The Troubled Life Of Billy Kerr","Hub Games",true,1,2681
"Holi Fesitival Of Colors","Floodgate Games",false,2,3583
"Honga","Haba",true,1,2871
"Hotshots","Fireside Games",false,1,1783
"Hoverkraft","Think Geek",false,1,3095
"Human Era","Lay Waste Games",true,1,2373
"Hundreds Of Horses","Ravensburger",false,2,3090
"Hunt For The Ring","Ares Games",false,1,1921
"Hurlyburly","La Mame Games",false,3,3381
"I Say, Holmes!","Victory Point Games",false,1,3017
"Ice Cool","Brain Games",true,2,1608
"Ill-tempered Tikis","Wild East Game Company",false,1,3177
"Ill-tempered Tikis","The Wild East Game Company",false,1,3181
"Illusion","Pandasaurus",false,1,2562
"Ilos","La Boite De Jeu",true,1,2026
"Imagine","Gamewright",false,1,1596
"Imhotep","Kosmos",true,1,1478
"Imhotep: The Duel","Kosmos",true,1,3053
"Impact: Battle Of Elements","Ravensburger",false,1,2412
"Imperial Settlers","Portal Games",true,1,1725
"Import / Export","Dark Flight",true,1,1990
"Impulse","Asmadi Games",false,1,1251
"In A World Of Dinosaurs","Golden Bell Games",false,1,2912
"In The Year of The Dragon","Ravensburger",false,1,1681
"Incredibles: Save the Day Game, the","Wonder Forge",false,1,2223
"Indian Summer","Stronghold Games",true,1,1991
"Indulgence","Restoration Games",false,1,1796
"Inhabit The Earth","R&D Games",false,1,3571
"Inhabit The Earth","Huchi And Friends",false,1,3565
"Inhuman Conditions","Mythical Normal",true,1,3249
"Innovation","Asmadi Games",true,1,410
"Insider","Oink Games",false,2,2424
"Invasion From Outer Space: The Martian Game","Flying Frog Productions",false,1,3130
"Ion: A Compound Building Game","Genius Games",false,1,2385
"Irish Gauge","Capstone Games",true,2,3365
"Isaribi","Eagle-Gryphon Games",false,1,1976
"Ishtar: Gardens Of Babylon","Iello",false,1,3340
"Island Hopper","Eagle-Gryphon Games",false,1,1973
"Island Of Doctor Lucky, the","Cheapass Games",false,1,2379
"Island Of Misfit Friends, the","Twilight Creations",false,1,2555
"Isle Of Monsters","Mayday Games",false,1,3193
"Isle of Skye: From Chieftain to King","Mayfair Games",true,1,1294
"Islebound","Red Raven Games",false,1,1475
"Istanbul","Aeg",true,1,1140
"Isthar: Gardens Of Babylon","Iello",true,1,2972
"It Dies With Me","Breaking Games",false,1,2770
"It's A Wonderful World","Lucky Duck Games",false,3,3460
"It's Blunderful","The United States Playing Card Company",false,2,3551
"Jaipur","Space Cowboys",true,1,3037
"Jetpack Joyride","Lucky Duck Games",false,2,3425
"Joking Hazard","Explosm",true,2,1633
"Junggle","Z-Man Games",false,1,2823
"Jungle Party","Kosmos",false,1,1601
"Jungle Speed","Asmodee",true,2,424
"Junk Orbit","Renegade Game Studios",false,1,2232
"Junking","Junk Spirit Games",false,1,1417
"Jurassic Park: Danger! Adventure Strategy Game","Ravensburger",false,1,2224
"Just One","Repos Production",true,3,2829
"Kanagawa","Iello",false,1,2150
"Kapow!","2 Ton Porcupine",false,1,3318
"Karuba","Haba",true,1,1538
"Kauchuk","Lifestyle Boardgames",false,1,3575
"Kayuyk","Lifestyle Studio",true,1,3418
"Kepler-3042","Renegade Game Studios",false,1,1810
"Kerala: The Way of the Elephant","Kosmos",true,1,1623
"Key Flow","R&D Games",true,1,2682
"Keyflower","R&D Games",true,1,1578
"Keyper","R&D Games",true,1,2038
"Khan Of Khans","Chaosium Inc",false,1,1813
"Kick-ass","Cmon",false,1,2326
"Killer Bunnies And The Quest For The Magic Carrot","Playroom Entertainment",false,1,3137
"Kilt Castle","Zoch",false,1,2364
"King of New York","Iello",true,1,1170
"King Of Tokyo","Iello",true,3,2086
"King of Tokyo","Iello",true,1,1071
"King Of Tokyo","Iello",true,1,2302
"King's Forge","Starling Games",false,2,3082
"Kingdom Builder","Queen Games",true,1,1706
"Kingdomino","Blue Orange Games",true,17,1970
"Kingdomino Duel","Blue Orange Games",false,2,3349
"Kings' Struggle","Wizkids",false,1,2580
"Kitchen Rush","Artipia Games",false,1,2043
"Kobold's Ate My Baby! Knuckle Sammich Card Game","Ninth Level",false,1,2922
"Kodama 3d","Indie Boards & Cards",false,1,3503
"Kodama: The Tree Spirits","Indie Boards & Cards",false,2,1504
"Kodama: The Tree Spirits","Indie Boards & Cards",false,1,1391
"Koi","Smirk & Laughter Games",false,2,2492
"Kokoro: Avenue Of The Kodama","Indie Boards & Cards",false,2,3138
"Kraftwagen","Stronghold Games",true,1,1731
"Kung Fu","Good Game",false,3,3440
"Kung-fu Zoo","Wizkids",false,1,2581
"L.l.a.m.a Card Game","Amigo Games",true,1,3071
"La Stanza","Quined Games",false,1,3089
"Labyrinth","Ravensburger",false,2,450
"Lagerstatten","Analog Lunchbox",true,1,1992
"Lanterns: The Harvest Festival","Renegade Game Studios",true,1,1651
"Lazer Ryderz","Greater Than Games",false,1,1707
"Legend Of The Cherry Tree That Blossoms Every Ten Years, the","Iello",false,1,2298
"Legendary: A Marvel Deck Building Game","Upper Deck",false,1,1278
"Legends Of The American Frontier","Game Salute",false,1,1367
"Letter Jam","Cge",true,3,3563
"Lewis & Clark: The Expedition","Asmodee",true,1,1848
"Life Siphon","Lay Waste Games",false,8,3559
"Lift Off","Z-Man Games",false,1,3100
"Lightning Dice","The Wild East Game Company",false,1,3154
"Lindisfarne","Runes Editions",true,1,2674
"Little Dead Riding Hood","Twilight Creations",false,1,1115
"Little Town","Studio Gg",false,1,2967
"Living Planet","Ludically",false,3,3542
"Llamas Unleashed","Unstable Unicorns",false,1,2897
"London","Osprey Games",true,1,2020
"Long Shot","Z-Man Games",true,1,470
"Loony Quest","Asmodee",false,1,1817
"Loot","Gamewright",false,1,471
"Looting Atlantis","Shoot Again Games",false,1,1928
"Lord Of The Fries","Cheapass Games",false,1,2382
"Lords Of Vegas","Mayfair Games",true,1,2438
"Lords Of Waterdeep","Wizards Of The Coast",true,1,1390
"Lost Cities","Kosmos",false,1,482
"Lost In R'lyeh","Atlas Games",false,1,1496
"Lost Legacy: The Starship","Aeg",false,1,2106
"Lotus","Renegade Game Studios",false,2,1616
"Love Battle High School","Japanime Games",false,1,3510
"Love Letter","Z-Man Games",true,1,3025
"Love Letter: Premium Ed","Z-Man Games",true,1,2855
"Low Lands","Z-Man Games",false,2,2410
"Luku Luku","Nibcard",false,1,2632
"Luxor","Queen Games",false,1,2584
"Macaryoshka","Natriumlamp Games",true,1,3410
"Machi Koro","Pandasaurus",true,3,1242
"Machi Koro 5th Anniversary Edition","Pandasaurus",true,1,3519
"Mag-o-mag The Magnetic Labyrinth","Kosmos",false,1,1715
"Mage Knight Board Game","Wizkids",false,1,3514
"Magic The Gathering: Heroes Of Dominaria","Wizkids",false,1,2597
"Magnificent, the","Aporta Games",false,3,3424
"Mahardika","Manikmaya Games",true,1,2628
"Majesty: For the Realm","Z-Man Games",true,1,2027
"Majesty: For The Realm","Z-Man Games",true,1,3314
"Majolica","Blue Magpie Games",true,1,2696
"Mangaka","Mock Man",false,1,3127
"Mangrovia","Zoch",false,1,2358
"Manhattan","Mayfair Games",true,1,496
"Manhattan Project: Energy Empire, the","Minion Games",false,1,2932
"Maracaibo","Capstone Games",false,3,3420
"Marco Polo Ii","Hans Im Gluck",false,3,3417
"Marrakech","Gigamic",true,1,499
"Marvel Champions","Fantasy Flight Games",false,1,2992
"Marvel Fluxx","Looney Labs",false,1,3032
"Mary Engelbreit Loonacy","Looney Labs",false,1,2354
"Mascarade","Asmodee",false,1,1823
"Maskmen","Oink Games",true,1,2949
"Master Of Wills","Stormcrest Games",false,1,2095
"Masters Of Renaissance","Cranio Creations",false,3,3383
"Matryoshka","Letiman Games",false,1,3079
"Mechanica","Gpi",false,1,3310
"Medium","Greater Than Games",true,4,3023
"Meeple Circus","Asmodee",true,1,2036
"Meeple Party","9th Level",false,1,3234
"Megacity Oceania","Hub Games",false,4,3019
"Memoarrr!","Stronghold Games",false,1,2303
"Meow","Asmadi Games",false,1,1247
"Mercado","Kosmos",false,1,2450
"Merlin","Queen Games",false,1,2037
"Mesopotamia","Phalanx Games",false,1,3263
"Mesozooic","Z-Man Games",false,1,2374
"Metagame, the","Local No. 12, Llc.",false,1,1539
"Meteor","Mayday Games",false,1,3564
"Metro X","Gamewright",false,1,3512
"Mgbako","Nibcard",true,1,2630
"Micropolis","Matagot",false,2,2357
"Million Dollars But...","Rooster Teeth",false,1,2621
"Mind, the","Nsv",true,1,2196
"Miyabi","Haba",true,1,3240
"Modern Art","Cmon",true,1,2758
"Modern Art","Cmon",true,1,1709
"Modern Art","Cmon",true,1,2809
"Moneybags","Oink Games",false,1,2266
"Monolith Arena","Portal Games",false,1,2701
"Monster Empire","Freaky Design",false,1,3313
"Monster Meister","Zoch",false,1,2380
"Montmartre","Blam!",false,1,3338
"Monty Python Fluxx","Looney Labs",false,1,534
"Monza","Haba",false,1,3244
"Moon Base","Itten",false,1,3456
"Moop's Monster Mashup","Steve Jackson Games",false,1,1438
"Morels","Two Lanterns Games",true,1,1125
"Mottainai","Asmadi Games",false,1,1246
"Movie Buff","Golden Bell Games",false,1,2173
"Movie Buff","Golden Bell Games",false,2,1519
"Mr Face","Oink Games",true,1,2978
"Muchkin Legends","Steve Jackson Games",false,1,2832
"Muertoons","Steve Jackson Games",false,1,1717
"Munchkin","Steve Jackson Games",false,2,541
"Munchkin Booty","Steve Jackson Games",true,1,544
"Munchkin Legends Deluxe","Steve Jackson Games",false,1,1562
"Munchkin Loot Letter","Steve Jackson Games",false,2,1502
"Munchkin Pathfinder: Guest Artist Edition","Steve Jackson Games",false,1,1735
"Munchkin Sketch Edition","Steve Jackson Games",false,2,2506
"Munchkin Spell Skool","Steve Jackson Games",false,1,1718
"Munchkin Steampunk","Steve Jackson Games",false,1,1267
"Munchkin Zombies","Steve Jackson Games",false,1,551
"Muse","Quick Simple Fun Games",false,2,2297
"My First Stone Age","Z-Man Games",false,1,3059
"My First Stone Age","Z-Man Games",false,1,1552
"My Little Scythe","Stonemaier Games",false,1,2336
"My Little Scythe","Stonemaier Games",false,1,2212
"Mysterium","Asmodee",true,1,1832
"Mystery House","Cranio Creations",false,1,3251
"Mystery of The Abbey","Days Of Wonder",false,1,1943
"Mystery Of The Temples","Deep Water Games",false,1,2952
"Naga Raja","Hurrican",false,1,3006
"Namiji","Fun Forge",false,3,3428
"Nanty Narking","Phalanx",false,3,3446
"Nanuk","Steve Jackson Games",false,1,1355
"Narabi","Z-Man Games",false,1,2695
"Narabi","Z-Man Games",false,1,2837
"Nations: The Dice Game","Stronghold Games",false,1,1746
"Neanderthal","Sierra Madre Games",false,1,2953
"Nemeton","Blackrock Games",false,1,2627
"Nemo Rising","Wizkids",false,1,3353
"Nemo's War","Victory Point Games",false,2,2859
"Neom","Lookout Games",false,1,2805
"Neta-tanka","La Boite De Jeu",false,1,3273
"Never Bring A Knife","Atlas Games",false,1,3558
"Neverland Rescue, the","Letiman Games",false,1,3080
"New Angeles","Fantasy Flight Games",false,1,1556
"New Bedford","Dice Hate Me Games",false,1,1423
"New Corp Order","2 Tomatoes",false,1,2804
"Newfoundland Jam","Drinking Quest",false,2,3534
"Newton","Cranio Creations",false,3,3539
"Nexus Infernum","Archon Games",true,4,2959
"Nine Tiles Panic","Oink Games",true,2,3492
"Ninja Burger","Steve Jackson Games",false,1,1491
"Ninja Versus Ninja","Out Of The Box",false,1,569
"Nitro Glyxerol","Zoch",false,1,2488
"Niwa","Djeco",false,1,3056
"NMBR 9","Z-Man Games",true,1,2840
"No Honor Among Thieves","Carpe Omnis Games",false,1,2541
"Noctiluca","Z-Man Games",false,1,2842
"NOIR: Deductive Mystery Game","Level 99 Games",false,1,1516
"Nokosu Dice","Engames",true,3,3412
"Norsaga","Meromorph Games",false,1,2184
"Northern Pacific","Rio Grande Games",true,1,3094
"Not Alone","Stronghold Games",false,1,1684
"Notre Dame","Ravensburger",true,1,1778
"Nova Luna","Pegasus Spiele",true,3,3432
"Now Boarding","Fowers Games",true,1,2294
"Noxford","Capiscum Games",false,1,1894
"Nuns On The Run","Mayfair Games",false,1,3133
"Nusfjord","Lookout Games",false,1,2856
"Nyctophobia The Hunted","Pandasaurus",false,1,2812
"Obscurio","Libellud",false,3,2983
"Obsession Pride, Intrigue, And Prejudice In Victorian England","Kg Games",false,1,2625
"Ocean Crisis","Shepard",false,1,3304
"Oddville","What'S Your Game",false,1,2788
"Offshore","Aporta Games",false,3,3426
"Ogre","Steve Jackson Games",false,1,1522
"Ogre Under","Mixlore",false,2,3086
"Okanagan: Valley of the Lakes","Asmodee",true,1,2018
"Okey Dokey","Tasty Minstrel Games",false,1,1901
"Old Masters","Keep Exploring Games",true,1,3461
"Omerta","Helvetiq",false,2,3491
"On Mars","Eagle-Gryphon Games",true,3,3397
"On The Origin Of Species","Mont Taber",false,1,3327
"On The Underground","Ludicreations",false,2,3405
"On Tour","Boardgametables.Com",false,4,2269
"Once Upon a Time: The Storytelling Card Game","Atlas Games",false,1,2153
"One Deck Dungeon","Asmadi Games",false,1,1530
"One Night Ultimate Werewolf","Bezier Games",true,1,1137
"Onitama","Arcane Wonders",true,1,1612
"Orbis","Space Cowboys",false,1,2646
"Orc-lympics","Brain Games",false,1,3372
"Orchard Ocean","Analog Lunchbox",true,1,3389
"Orcs Must Die! The Board Game: Unchained Edition","Robot Entertainment",false,1,1937
"Order Of The Gilded Compass","Grey Fox Games",false,1,1769
"Oriflamme","Studio H",false,1,3183
"Otys","Libellud",false,1,2076
"Outfoxed!","Gamewright",false,1,1595
"Outpost","Stronghold Games",false,1,589
"Over Under Ostrich","Dolphin Hat",false,1,3560
"Overseers","Thundergryph",false,2,1639
"Oz Fluxx","Looney Labs",false,1,578
"Pack & Stack","Mayfair Games",false,1,593
"Pagoda","Aeg",false,1,1147
"Pairs","Hip Pocket Games",false,1,2341
"Palace of Mad King Ludwig, the","Bezier Games",true,1,2033
"Paladins Of The West Kingdom","Renegade Game Studios",false,2,3376
"Palm Island","Portal Dragon",false,1,2348
"Pandante","Sirlin Games",false,1,1364
"Pandemic","Z-Man Games",true,1,2795
"Pandemic: Fall Of Rome","Z-Man Games",true,1,2432
"Pandemic: Reign Of Cthulhu","Z-Man Games",true,1,3350
"Pandemic: The Cure","Z-Man Games",true,1,1240
"Pantone","Cryptozoic",false,1,2608
"Paperback","Fowers Games",true,1,1511
"Paramedics: Clear!","Smirk & Dagger Games",false,1,1932
"Paranormal Detectives","Lucky Duck Games",false,3,3382
"Paris New Eden","Matagot",false,2,3098
"Parks","Keymaster Games",false,3,3013
"Partners","Game Inventors",false,2,3190
"Pass The Buck","Happy Badger Studio",false,1,1454
"Passing Through Petra","Renegade Game Studios",false,1,2845
"Patchistory","Deinko",false,1,3556
"Patchwork","Lookout Games",true,3,2315
"Patchwork","Mayfair Games",true,1,1287
"Pax Pamir: 2nd Edition","Wehrlegig Games",true,1,2271
"Pax Porfiriana","Sierra Madre Games",true,1,3479
"Pax Transhumanity","Ion Game Design",true,1,3386
"Peasant Buffet","Wargi Studios",false,2,2896
"Peasant Buffet: Bad Moon Rising","Golden Bell Games",false,2,3507
"Penny Arcade: The Game - Gamers vs. Evil","Fantasy Flight Games",false,1,1357
"Penny Lane","Game Salute",false,2,3103
"Penny Press","Asmadi Games",false,1,1209
"Perfect Hotel","Jugame Studio",true,1,1988
"Petrichor","Mighty Boards",false,1,2301
"Photosynthesis","Blue Orange Games",false,2,1770
"Pictures","Pd Verlag",true,1,3402
"Pie Rats Of The Carob Bean","The Wild East Game Company",false,1,3179
"Pie Rats Of The Carob Bean","The Wild East Game Company",false,1,1896
"Piepmatz","Lookout Games",false,1,2331
"Pigasus","Brain Games",false,1,3104
"Pigment","Copper Frog Games",false,1,2127
"Pikoko","Brain Games",false,1,3102
"Pioneers","Queen Games",true,1,2030
"Pipeline","Capstone Games",false,1,2784
"Pirate Fluxx","Looney Labs",false,1,619
"Pixel Glory Light And Shadow: Shadow Version","Zafty Games",false,1,2175
"Pixel Glory: Light And Shadow - Light Version","Zafty Games",false,1,2174
"Pixel Tactics","Level 99 Games",false,1,1512
"Pizza Theory","Eagle-Gryphon Games",false,1,622
"Planet","Blue Orange Games",true,2,2689
"Planet Defenders","Renegade Game Studios",false,1,1815
"Plunderbund","Hutchu Games",false,1,3508
"Pocket Dungeon Quest","Breaking Games",false,3,1430
"Point Salad","Aeg",true,1,2981
"Ponkotsu Factory","Ichinen Ju Mirai",true,1,2890
"Porto","Mebo",true,2,3451
"Poser","Alex Herrity",false,1,3325
"Potato Man","Zoch",false,1,2401
"Potion Explosion","Cmon",true,1,2347
"Potion Explosion","Cmon",true,1,3525
"Potion Explosion","Cmon",true,2,2760
"Pow!","Gigamic",false,1,1701
"Pow!","Gigamic",false,1,1620
"Power Grid","Rio Grande Games",true,6,628
"Power Grid: The First Sparks","Rio Grande Games",false,1,630
"Praise","Jordan Draper Games",false,1,3545
"Pret-a-porter, Third Edition","Portal Games",false,2,3393
"Pretending To Grownup","Golden Bell Games",false,1,2170
"Pretending To Grownup","Jason Anarchy Games",false,1,2895
"Princess Bride: A Battle Of Wits, the","Spark Works",false,1,3570
"Princess Bride: A Battle Of Wits, the","Game Salute",false,2,3035
"Princess Bride: Prepare To Die! Again!!, the","Game Salute",false,1,2767
"Princess Bride: Prepare To Die!, the","Spark Works",false,1,3569
"Prodigals Club, the","Cge",false,1,2157
"Puerto Rico","Rio Grande Games",true,2,637
"Push Fight","Penny Arcade",true,1,638
"Puzzle Me!","Board Blast",false,1,2911
"Puzzle Strike - Bag Of Chips","Sirlin Games",false,1,639
"Pylos","Gigamic",false,1,641
"Pyramid Of Pengqueen","Brain Games",false,1,3105
"Pyramid's Deadline, the","Oink Games",false,1,2428
"Qe","Board Game Tables",false,1,3555
"Qe","Boardgametables.Com",false,3,3532
"Quacks Of Quedlinburg, the","North Star Games",true,2,2567
"Quadropolis","Days Of Wonder",false,1,1549
"Quarantine Z","Alloyedcreations",false,1,3265
"Quarto","Gigamic",false,1,1661
"Queendomino","Blue Orange Games",false,2,2016
"Quirky Circuits","Plaid Hat Games",false,4,2843
"Qwirkle","Mindware",false,1,654
"Qwirkle","Mindware",false,2,3502
"Qwixx","Gamewright",true,1,2752
"Race For The Chinese Zodiac","Starting Player",false,1,2824
"Race for the Galaxy","Rio Grande Games",true,1,658
"Racoon Tycoon","Forbidden Games",false,1,3302
"Ragusa","Brain Crack",true,1,2702
"Raiatea","Quined Games",false,1,2685
"Raiders Of The North Sea","Renegade Game Studios",false,1,2120
"Rail Pass","Mercury Games",true,1,3184
"Railroad Ink: Blazing Red Edition","Horrible Games",false,1,2421
"Railroad Ink: Blazing Red Edition","Cmon",false,1,2467
"Railroad Ink: Deep Blue Edition","Cmon",false,1,2466
"Raptor","Asmodee",false,1,1829
"Realm Of Sand","Emperors4",false,1,2456
"Rebel Nox","Aporta Games",false,1,2312
"Rechord","Yanaguana Games",false,2,2989
"Reckoners, the","Nauvoo Games",false,1,2568
"Red Dragon Inn 7: The Tavern Crew, the","Slugfest Games",false,1,2554
"Red Dragon Inn Allies Spyke And Flower, the","Steve Jackson Games",false,1,2780
"Red Dragon Inn, the","Slugfest Games",false,1,828
"Red November","Fantasy Flight Games",false,1,669
"Red Scare Redux","Long Pack Games",false,1,2927
"Red7","Asmadi Games",false,1,1207
"Redshirts","Weaselpants Productions",false,1,671
"Reef","Next Move Games",true,1,2433
"Remember Our Trip","Saashi & Saashi",true,1,3435
"Renegade","Victory Point Games",false,1,2861
"Rent A Hero","Iello",false,1,2522
"Rent a Hero","Aeg",false,1,1146
"Rescue Animals","Strawberry Studio",false,1,3050
"Resistance, the","Indie Boards & Cards",true,1,832
"Resistance: Avalon","Indie Boards & Cards",false,1,2828
"Revolution!","Steve Jackson Games",false,1,673
"Rex: Final Days of an Empire","Fantasy Flight Games",false,1,1587
"Reykholt","Renegade Game Studios",true,1,2644
"Rhino Hero","Haba",false,1,3245
"Rick And Morty Anatomy Park","Cryptozoic",false,1,2609
"Rick And Morty: Close Rick-counters Of The Rick Kind","Cryptozoic",false,1,2595
"Rick And Morty: Total Rickall","Cryptozoic",false,1,2591
"Ricochet Robots","Z-Man Games",false,1,678
"Ricochet Robots","Z-Man Games",false,1,1799
"Riff Raff","Zoch",false,1,3274
"Rise Of Cthulhu","Chuck Yager",false,1,3578
"Rise Of Tribes","Breaking Games",false,1,2245
"Rising Sun","Guillotine Games",false,1,2324
"Risk 2210 A.d.","Avalon Hill",false,1,3257
"Rival Resturants","Gap Closer Games",false,1,3204
"Rivals For Catan","Mayfair Games",false,1,687
"River, the","Days Of Wonder",false,2,2431
"Riverboat","Mayfair Games",true,1,2857
"Robin Hood","Final Frontier Games",false,1,3076
"Robit Riddle","Baba Geek Games",false,1,2583
"Robo Rally","Avalon Hill",true,1,3182
"Robotech: Attack On The Sdf-1","Japanime Games",false,1,2515
"Robotech: Brace For Impact","Escape Velocity",false,1,3373
"Robotech: Force Of Arms","Solar Flare Games",false,2,2815
"Rocks Of Ruin: Explorers Of The North Sea","Renegade Game Studios",false,1,2109
"Roll For Adventure","Kosmos",false,2,2990
"Roll For Your Life, Candyman!","Smirk & Dagger Games",false,1,2469
"Roll Player","Thunderworks Games",true,1,2446
"Rooster Rush","Mayday Games",false,1,3120
"Root","Leder Games",true,12,2276
"Root","Leder Games",true,1,2299
"Rumble Nation","Hobby Japan",true,2,3444
"Rune Stones","Queen Games",false,3,3414
"Sabordage","Renegade Game Studios",false,1,2126
"Sabotage","Tim Fowers And Jeff Krause",false,1,3500
"Sabotage","Tim Flowers And Jeff Krause",false,2,3499
"Saboteur","Amigo",false,1,3291
"Saboteur The Duel","Mayfair Games",false,1,3051
"Sagrada","Floodgate Games",true,5,1980
"Sagrada + 5-6 Player Expansion","Floodgate Games",false,1,3577
"Saint Malo","Ravensburger",false,1,2851
"Salem","Passport Game Studios",false,1,1466
"Samurai Spirit","Fun Forge",false,1,3347
"Samurai Vassal","Ice Makes",false,1,2453
"San, Ni, Ichi","Ironmark Games",false,1,1388
"Sanctum","Cge",false,1,3394
"Sanctum","Czech Games Edition",false,3,3422
"Sanitarium","Asmadi Games",false,1,709
"Santorini","Roxley Games",true,1,1851
"Scarabya","Blue Orange Games",false,1,2277
"Scare It!","Strawberry Studio",false,1,2330
"Schmatz Spatz","Zoch",false,1,2356
"Schotten Totten","Iello",false,1,2523
"Schrodinger's Cats","Ninth Level",false,1,2923
"Schuttel's","Zoch",false,1,2395
"Scorpius Freighter","Aeg",false,1,2661
"Scythe","Stonemaier Games",true,1,1602
"Scythe","Stonemaier Games",false,2,3584
"Second Chance","Stronghold Games",false,1,2907
"Secret Hitler","Ad Magic",true,2,3003
"Secret Hitler","Goat Wolf & Cabbage",true,1,1900
"Secrets","Asmodee",false,1,1825
"Seikatsu","Idw Games",false,2,1866
"Sekigahara: The Unification of Japan","Gmt",false,1,718
"Sellswords","Level 99 Games",false,1,1515
"Sengoku Domino","Game Nowa",false,1,3554
"Sentient","Renegade Game Studios",false,1,1792
"Sentinel Tactics: The Flame Of Freedom","Greater Than Games",false,1,3166
"Set A Watch","Rock Manor Games",false,2,3357
"Shadow Hunters","Z-Man Games",false,1,727
"Shadowrift","Game Salute",false,1,2987
"Shadowrun: Sprawl Ops","Catalyst Game Labs",false,1,3369
"Shadows In Kyoto","Emperors4",false,1,2448
"Shadows: Amsterdam","Libellud",false,1,2480
"Shadowscape","Nskn Games",false,1,2478
"Sheriff Of Nottingham","Arcane Wonders",true,3,3175
"Sheriff of Nottingham","Arcane Wonders",true,2,1618
"Sheriff Of Nottingham","Cmon",true,2,2864
"Sheriff of Nottingham","Arcane Wonders",true,3,1955
"Sherlock Holmes Consulting Detective: Jack the Ripper & West End Adventures","Asmodee",false,1,1753
"Shifting Realms","Soaring Rhino",false,1,2528
"Shining, the","Asmodee",false,3,3538
"Shipwrights Of The North Sea","Renegade Game Studios",false,1,2117
"Shogunate","Action Phase Games",false,1,2409
"Shop 'n Time","Mercury Games",false,1,3468
"Shuffle Grand Prix","The United States Playing Card Company",false,2,3550
"Shuffle Grand Prix","Bicycle",false,1,3235
"Side Quest: The Video Game Board Game","Blue Orange Games",false,2,3331
"Sierra West","Board & Dice",false,1,2977
"Silver: Amulet","Bezier Games",false,1,3201
"Silver: Bullet","Bezier Games",false,1,3200
"Simon's Cat Card Game","Steve Jackson Games",false,2,1436
"Sinister Six","Spin Master",false,1,3199
"Six Making","Blue Orange Games",false,1,3328
"Skybridge","Gigamic",false,1,744
"Skylands","Queen Games",false,1,2593
"Slap It!","Renegade Game Studios",false,2,2853
"Small World","Days Of Wonder",true,1,746
"Small World","Days Of Wonder",true,1,1533
"Small World","Days Of Wonder",true,1,2831
"Smartphone Inc","Cosmo Drone Games",true,1,2671
"Smash Up","Aeg",true,1,2602
"Smash Up","Aeg",true,1,1142
"Smash Up: Munchkin","Steve Jackson Games",false,1,1565
"Smile","Z-Man Games",false,1,2471
"Snake Oil","Hasbro Gaming",false,1,3495
"Snowman Dice","Mike Elliott",false,1,3403
"Someone Has Died","Gather Round",false,1,2243
"Somnium: Rise Of Laputa","Zafty Games",false,1,2881
"Sorcerer","White Wizard Games Llc",false,1,3317
"Sorcerer & Stones","Emperors4",false,1,2457
"Sorcerer City","Skybound Games",false,1,3524
"Soviet Kitchen","Hybr",true,1,2769
"Space Battle Lunchtime","Oni Games",false,1,3528
"Space Gate Odyssey","Ludonaute",false,2,3022
"Space Park","Keymaster Games",false,1,2889
"Spanc: Space Pirate Amazon Ninja Catgirls","Steve Jackson Games",false,1,2504
"Sparkle*Kitty","Breaking Games",false,1,1814
"Sparkle*kitty Nights","Breaking Games",false,2,2875
"Speechless","Arcane Wonders",false,2,1665
"Spinderella","Zoch",false,1,2378
"Spirit Island","Greater Than Games",false,2,1727
"Spirits Of The Rice Patty","Advanced Primate Entertainment",false,1,2623
"Splendor","Asmodee",true,2,2402
"Splendor","Asmodee",true,1,1972
"Splendor","Asmodee",true,1,1238
"Spot It Jr.! Animals","Asmodee",false,2,3029
"Spot It!","Asmodee",false,5,1837
"Spot It! Basic French","Asmodee",false,1,3030
"Spot It! Basic Spanish","Asmodee",false,1,3028
"Spot It! Holidays","Asmodee",false,1,3027
"Spyfall","Cryptozoic",false,1,2613
"Spynet","Z-Man Games",false,1,3108
"Spyrush","Asmodee",false,1,1583
"Squad Leader","Avalon Hill",true,1,1875
"Squire For Hire","Letiman Games",false,1,3077
"Squirmish","Gamewright",false,1,2222
"Star Cartel","Osprey Games",false,1,2008
"Star Fluxx","Looney Labs",false,1,767
"Star Munchkin: Guest Artist Edition","Steve Jackson Games",false,1,1734
"Star Realms: Frontiers","White Wizard Games",false,2,3334
"Star Trek Chrono-trek","Gale Force Nine",false,2,3505
"Star Trek Chrono-trek","Looney Labs",false,1,3034
"Star Trek: Ascendancy","Gale Force Nine",false,1,2179
"Star Trek: Five-year Mission","Mayfair Games",false,1,3170
"Star Wars: Outer Rim","Fantasy Flight Games",false,1,3087
"Stars Align, the","Breaking Games",false,2,2878
"Starship Samurai","Plaid Hat Games",false,1,2325
"Status Report!","Off Cut Games",false,1,2960
"Steam Park","Iello",true,1,2145
"Stellar Leap","Renegade Game Studios",false,1,3527
"Stitches: A Card Game of Monstrous Proportions","Norwester Games",false,1,1609
"Stone Age","Z-Man Games",true,1,780
"Stone Age","Z-Man Games",true,3,2160
"Stoneage Anniversary","Z-Man Games",true,1,2848
"Stonehenge","Titanic Games",false,1,781
"Story War","Cantrip Games",false,1,784
"Strange Vending Machine","Soso Games",false,1,2670
"Stratego","Play Monster",false,1,2022
"Strawberry Ninja","Golden Bell Games",false,2,2093
"Streaming","Looping Games",true,1,2699
"Street Fighter Deck-building Game","Cryptozoic",false,1,3581
"Stripes","Breaking Games",false,1,3531
"Student Bodies","Smirk & Dagger Games",false,2,1219
"Subatomic: An Atom Building Games","Genius Games",false,1,2389
"Subtext","Stronghold Games",false,1,2906
"Succulent","Renegade Game Studios",false,1,3522
"Summer Camp","Buffalo Games & Puzzles",false,1,3574
"Summoner Wars: Master Set","Plaid Hat Games",false,1,791
"Sunny Day","Ludicorn",false,1,3329
"Super Camelot","Catalyst Game Labs",true,1,3504
"Super Hack Override","Weird Giraffe Games",false,1,2546
"Super Kitty Bug Slap","Steve Jackson Games",false,1,2499
"Super Motherload","Roxley Games",true,1,3526
"Super Munchkin","Steve Jackson Games",false,1,792
"Super Punch Fighter","Plaid Hat Games",false,3,2865
"Superfight","Skybound Games",false,1,1203
"Surfer","Hoot Games",false,1,2798
"Survive: Escape from Atlantis!","Stronghold Games",true,1,1809
"Sushi Go Party!","Gamewright",true,1,1592
"Sushi Go!","Gamewright",true,6,1135
"Sushi Roll","Gamewright",true,1,3475
"Ta-da!","Cmon",false,1,1688
"Tag City","Runes Editions",true,2,2643
"Take 5","Amigo Games",false,1,3052
"Takenoko","Asmodee",true,1,800
"Tales & Games: The Hare & The Tortoise","Whatz Gmaes",false,1,3157
"Tally Ho!","Kosmos",false,1,1474
"Tannhauser","Fantasy Flight Games",false,1,1359
"Tapestry: A Civilization Game","Stonemaier Games",false,2,3392
"Tattoo Stories","Bicycle",false,2,3247
"Tea Dragon Society Card Game, the","Renegade Game Studios",false,1,2234
"TEAM3","Brain Games",false,3,3012
"Teen Titans Go!","Cryptozoic",false,1,2615
"Telestrations","Usaopoly",false,1,809
"Telestrations After Dark","Usaopoly",false,1,2376
"Tempurra","Iello",false,1,2521
"Teotihuacan","Nskn Games",false,1,2697
"Terra Mystica","Z-Man Games",true,3,1090
"Terra Nova","Winning Moves Games",false,1,811
"Terraforming Mars","Stronghold Games",true,2,1704
"Terraforming Mars","Stronghold Games",true,3,1610
"Terramara","Quined Games",false,3,3423
"Terror Below","Renegade Game Studios",false,1,2969
"That's A Question!","Czech Games",false,1,2940
"Thats Not Lemonade!","Tuesday Knight Games",false,1,3225
"The Treasure Of Monte Cristo Island","Good Nerd Bad Nerd Games",false,2,3576
"This Game Goes To Eleven","Gamewright",false,1,2944
"Thornwatch","Lone Shark Games",false,1,2244
"Three Cheers For The Master","Atlas Games",false,1,1382
"Three Kingdoms Redux","Starting Player",true,1,1499
"Throne Of Allegoria","Spielworxx",true,1,3437
"Through the Ages: A New Story of Civilization","Cge",true,3,2156
"Through the Ages: A New Story of Civilization","Cge",true,2,848
"Through The Ages: A New Story Of Civilization","Cge",false,1,2935
"Through the Desert","Fantasy Flight Games",false,1,849
"Thunderstone Quest","Aeg",false,1,2662
"Ticket To Ride","Days Of Wonder",true,6,2065
"Ticket To Ride","Days Of Wonder",true,8,2985
"Ticket to Ride","Days Of Wonder",true,2,1751
"Ticket To Ride: Europe","Days Of Wonder",true,12,2064
"Ticket To Ride: Europe","Days Of Wonder",true,3,2986
"Ticket to Ride: First Journey (U.S.)","Days Of Wonder",true,1,1982
"Ticket to Ride: Germany","Days Of Wonder",true,1,1797
"Ticket To Ride: Japan","Days Of Wonder",true,2,3292
"Ticket To Ride: New York","Days Of Wonder",true,7,2841
"Ticket To Ride: New York","Days Of Wonder",true,2,2393
"Ticket to Ride: Nordic Countries","Days Of Wonder",true,1,858
"Ticket to Ride: Rails & Sails","Days Of Wonder",true,2,1550
"Tigris & Euphrates","Fantasy Flight Games",true,2,2858
"Tiki Topple","Gamewright",false,1,863
"Tile Chess","Steve Jackson Games",false,1,1571
"Time Chase","Renegade Game Studios",false,1,2950
"Tiny Epic Defenders","Gamelyn Games",false,1,3213
"Tiny Epic Defenders","Gamelyn Games",false,2,1241
"Tiny Epic Defenders The Dark War","Gamelyn Games",false,1,3209
"Tiny Epic Galaxies","Gamelyn Games",false,1,3211
"Tiny Epic Galaxies: Beyond The Black","Gamelyn Games",false,1,3214
"Tiny Epic Kingdoms","Gamelyn Games",false,2,1298
"Tiny Epic Mechs","Gamelyn Games",false,1,3210
"Tiny Epic Quest","Gamelyn Games",false,1,1656
"Tiny Epic Western","Gamelyn Games",false,1,3215
"Tiny Towns","Aeg",false,8,3395
"Toeshambo","Zafty Games",false,1,2882
"Tokaido","Fun Forge",true,2,873
"Tokyo Coin Laundry","Jordan Draper Games",false,1,3549
"Tokyo Game Show","Jordan Draper Games",false,1,3548
"Tokyo Highway","Itten",true,3,2908
"Tokyo Jidohanbaiki","Jordan Draper Games",false,2,2282
"Tokyo Jutaku","Jordan Draper Games",true,1,2283
"Tokyo Metro","Jordan Draper Games",true,1,2284
"Tokyo Tsukiji Market","Jordan Draper Games",false,1,3547
"Toledo","Mayfair Games",false,1,3579
"Tomatomato","Oink Games",false,1,2285
"Top Gun","Asmodee",false,3,3553
"Topiary","Renegade Game Studios",false,1,2133
"Tournament At Camelot","Wizkids",false,1,3344
"Town Builder Coevorden","First Fish Games",false,1,3323
"Trails Of Tucana","Aporta Games",false,3,3380
"Trainmaker","Aeg",false,1,2604
"Trajan","Renegade Game Studios",false,1,2826
"Trambahn","Lookout Games",false,1,2167
"Transatlantic","Rio Grande Games",true,1,1998
"Trapwords","Cge",false,1,2934
"Trash Pandas","Gamewright",false,1,2773
"Treasure Island","Matagot",false,2,2439
"Trellis","Breaking Games",false,1,2879
"Trial By Trolley","Skybound Games",false,1,3561
"Tribe","Itten",false,1,2362
"Tricks And The Phantom","Oink Games",false,1,2979
"Trismegistus: The Ultimate Formula","Board & Dice",false,2,3430
"Troika","Oink Games",false,1,2286
"Trollfjord","Zoch",true,1,2636
"Trump, Tricks, Game!","Phalanx Games",false,1,3264
"Tsuro","Calliope Games",true,2,895
"Tulip Bubble","Moaideas Game Design",true,1,2009
"Turin Market","Jordan Draper Games",false,2,2496
"Twilight Imperium: Fourth Edition","Fantasy Flight Games",true,1,2164
"Twilight Imperium: Fourth Edition","Fantasy Flight Games",true,2,1812
"Twilight Of The Gods - Age Of Revelation","Victory Point Games",false,2,3066
"Twilight Struggle","Gmt",true,1,1462
"Twin It!","Gamewright",false,1,2772
"Two Khans","Dorehami Games",false,1,3298
"Two Rooms And A Boom","Tuesday Knight Games",true,1,3236
"Tybor der Baumeister","Mayfair Games",true,1,1779
"Tzolk'in: The Mayan Calendar","Cge",true,1,2107
"Ubongo","Kosmos",false,1,1409
"Ubongo Extreme","Z-Man Games",false,1,911
"Ubongo: Duel","Z-Man Games",false,1,910
"Ubongo: Fun-size Edition","Kosmos",false,1,2447
"Ukubuwa","Nibcard",false,1,2633
"Underwater Cities","Delicious Games",true,1,2690
"Underwater Cities","Rio Grande Games",true,1,3289
"Unexploded Cow","Cheapass Games",false,1,914
"Unicorn Glitterluck","Haba",true,1,3243
"Unicorn Glitterluck","Haba ",true,1,1680
"Unmatched: Battle Of Legends Vol. 1","Restoration Games",true,1,3473
"Uno","Mattel",false,1,2058
"Unstable Unicorns","Breaking Games",false,1,2202
"Until Daylight","Flyos Games",false,1,2997
"Untold","Hub Games",false,1,3072
"Uxmal","Blue Orange Games",true,2,3387
"Valletta","Z-Man Games",false,1,1839
"Valley Of The Vikings","Haba",false,3,3371
"Vast: The Crystal Caverns","Leder Games",false,1,1574
"Vegas Wits And Wagers","North Star Games",true,1,3203
"Velociraptor! Cannibalism!","Game Salute",false,1,1083
"Venture Party","Golden Bell Games",false,1,2171
"Venture Party","Golden Bell Games",false,1,2094
"Visitor In Blackwood Grove","Resonym",false,2,2142
"Volcanic Isle","Arcane Wonders",false,1,3155
"Wakening Lair","Rather Dashing",false,1,2560
"Walk The Plank: Deluxe Edition","Mayday Games",false,1,3185
"Walking Dead: Something To Fear, the","Skybound Games",false,1,3516
"Walking In Burano","Emperors4",false,1,2626
"Walls Of York","Cranio Creations",false,1,3081
"War Chest","Aeg",true,1,2607
"Warsaw: City Of Ruins","North Star Games",true,1,2658
"Wasteland Express Delivery Service","Pandasaurus",false,1,3196
"Water Works","Hasbro",false,1,3044
"Wavelength","Strom",true,6,3541
"Wazabi","Gigamic",false,1,1695
"We Didn't Playtest This At All","Asmadi Games",true,1,939
"We're Doomed!","Breaking Games",false,2,2874
"Weave","Monocle Society",false,1,3337
"Web Of Spies","Golden Bell Games",false,1,2903
"Welcome To Your Perfect Home","Blue Cocker Games",false,1,2763
"Werewords Deluxe Edition","Bezier Games",false,1,2422
"What's Up","Strawberry Studio",false,1,2329
"Whitehall Mystery","Fantasy Flight Games",false,1,2071
"Whozit?","Gamewright",false,1,3477
"Wildlands","Osprey Games",false,1,2485
"Wingspan","Stonemaier Games",false,2,2836
"Wits & Wagers","North Star Games",true,1,1465
"Wok Star","Fowers Games",false,1,2296
"Word Smith","Game Letter Piece",false,1,3309
"Wordwright","Defined Mind",false,1,1324
"Works, the","Cheapass Games",false,1,2353
"World Championship Russian Roulette","Tuesday Knight Games",false,2,1780
"World Shapers","Board & Dice",false,2,3057
"Ya Blew It!","Wonder Forge",false,1,2228
"YeahNOPE","Forrest Pruzan",false,1,2229
"Yogi","Gigamic",false,1,1893
"YOU are the Maniac!","Counter Culture Cards",false,1,2168
"Yukon Airways","Ludonova",true,2,3433
"Yummy Yummy Pancakes","Mayday Games",false,1,3238
"Zendo","Looney Labs",false,1,2313
"Zogen","Oink Games",false,1,2427
"Zombie Dice","Steve Jackson Games",true,1,979
"Zombie Fluxx","Looney Labs",false,1,980
"Zombies!!! 4: The End...","Twilight Creations",false,1,1112